"Time (s)","Gyroscope x (rad/s)","Gyroscope y (rad/s)","Gyroscope z (rad/s)","Absolute (rad/s)"
0.000000000E0,0.000000000E0,0.000000000E0,0.000000000E0,0.000000000E0
3.484375530E-1,2.018909603E-1,2.596177347E-2,1.731802970E-1,2.672552877E-1
3.563655530E-1,2.205223590E-1,1.985312067E-2,1.621847153E-1,2.744597222E-1
3.577665530E-1,2.205223590E-1,1.985312067E-2,1.621847153E-1,2.744597222E-1
3.656725530E-1,2.156354338E-1,9.773843922E-3,1.392772794E-1,2.568897212E-1
3.670175530E-1,2.156354338E-1,9.773843922E-3,1.392772794E-1,2.568897212E-1
3.749595530E-1,1.065959856E-1,3.054326167E-3,6.475171447E-2,1.247590381E-1
3.763015530E-1,1.065959856E-1,3.054326167E-3,6.475171447E-2,1.247590381E-1
3.845735530E-1,-9.162978269E-3,-1.435533352E-2,-1.588249579E-2,2.328710896E-2
3.859125530E-1,-9.162978269E-3,-1.435533352E-2,-1.588249579E-2,2.328710896E-2
3.939905530E-1,-2.596177347E-2,-1.771509275E-2,-8.857546374E-3,3.265416238E-2
3.953305530E-1,-2.596177347E-2,-1.771509275E-2,-8.857546374E-3,3.265416238E-2
4.031825530E-1,-1.802052557E-2,-2.657263726E-2,6.108652335E-3,3.268271755E-2
4.045005530E-1,-1.802052557E-2,-2.657263726E-2,6.108652335E-3,3.268271755E-2
4.123945530E-1,5.803219974E-3,-2.474004216E-2,1.985312067E-2,3.224737894E-2
4.137395530E-1,5.803219974E-3,-2.474004216E-2,1.985312067E-2,3.224737894E-2
4.216255530E-1,3.145955876E-2,-7.635815535E-3,2.443460934E-2,4.055933492E-2
4.230435530E-1,3.145955876E-2,-7.635815535E-3,2.443460934E-2,4.055933492E-2
4.309305530E-1,5.161811411E-2,1.099557430E-2,1.954768784E-2,5.628005383E-2
4.322555530E-1,5.161811411E-2,1.099557430E-2,1.954768784E-2,5.628005383E-2
4.403185530E-1,5.803219974E-2,2.779436857E-2,6.108652335E-3,6.463419191E-2
4.417095530E-1,5.803219974E-2,2.779436857E-2,6.108652335E-3,6.463419191E-2
4.496295530E-1,5.497787148E-2,2.718350291E-2,3.054326167E-3,6.140715016E-2
4.509655530E-1,5.497787148E-2,2.718350291E-2,3.054326167E-3,6.140715016E-2
4.588895530E-1,5.345070735E-2,2.138028294E-2,-3.054326167E-3,5.764914156E-2
4.601745530E-1,5.345070735E-2,2.138028294E-2,-3.054326167E-3,5.764914156E-2
4.677415530E-1,5.589416996E-2,1.527163107E-2,-4.886921961E-3,5.814862816E-2
4.685925530E-1,5.589416996E-2,1.527163107E-2,-4.886921961E-3,5.814862816E-2
4.770715530E-1,6.047565863E-2,1.588249579E-2,-3.970623948E-3,6.265241267E-2
4.779645530E-1,6.047565863E-2,1.588249579E-2,-3.970623948E-3,6.265241267E-2
4.867895530E-1,6.902777404E-2,2.412917651E-2,-2.138028387E-3,7.315478052E-2
4.877685530E-1,6.902777404E-2,2.412917651E-2,-2.138028387E-3,7.315478052E-2
4.961075530E-1,6.688974798E-2,3.665191308E-2,1.221730490E-3,7.628298462E-2
4.969645530E-1,6.688974798E-2,3.665191308E-2,1.221730490E-3,7.628298462E-2
5.050345530E-1,6.627888232E-2,4.428773001E-2,6.108652335E-3,7.994753845E-2
5.058985530E-1,6.627888232E-2,4.428773001E-2,6.108652335E-3,7.994753845E-2
5.143545530E-1,6.536258012E-2,3.573561832E-2,4.581489135E-3,7.463438443E-2
5.152175530E-1,6.536258012E-2,3.573561832E-2,4.581489135E-3,7.463438443E-2
5.236885530E-1,5.925392732E-2,2.107485011E-2,1.863138936E-2,6.559196506E-2
5.245365530E-1,5.925392732E-2,2.107485011E-2,1.863138936E-2,6.559196506E-2
5.330405530E-1,5.192354694E-2,7.024950348E-3,2.046398632E-2,5.625103902E-2
5.339015530E-1,5.192354694E-2,7.024950348E-3,2.046398632E-2,5.625103902E-2
5.423295530E-1,5.375614017E-2,1.130100712E-2,1.649336144E-2,5.735386944E-2
5.431835530E-1,5.375614017E-2,1.130100712E-2,1.649336144E-2,5.735386944E-2
5.516505530E-1,5.100724846E-2,2.321287990E-2,7.024950348E-3,5.647943976E-2
5.525545530E-1,5.100724846E-2,2.321287990E-2,7.024950348E-3,5.647943976E-2
5.609725530E-1,4.306599870E-2,3.237585723E-2,6.719517522E-3,5.429574838E-2
5.618315530E-1,4.306599870E-2,3.237585723E-2,6.719517522E-3,5.429574838E-2
5.707155530E-1,3.970624134E-2,2.657263726E-2,2.138028387E-3,4.782532611E-2
5.716635530E-1,3.970624134E-2,2.657263726E-2,2.138028387E-3,4.782532611E-2
5.796205530E-1,2.290744707E-2,1.252273750E-2,-2.138028387E-3,2.619429806E-2
5.804775530E-1,2.290744707E-2,1.252273750E-2,-2.138028387E-3,2.619429806E-2
5.889435530E-1,-3.054326226E-4,-1.221730490E-3,-3.359758761E-3,3.588020820E-3
5.898005530E-1,-3.054326226E-4,-1.221730490E-3,-3.359758761E-3,3.588020820E-3
5.982675530E-1,-1.038470957E-2,-1.527163084E-3,-2.748893574E-3,1.085038414E-2
5.991305530E-1,-1.038470957E-2,-1.527163084E-3,-2.748893574E-3,1.085038414E-2
6.076425530E-1,-6.108652335E-3,1.649336144E-2,-1.832595794E-3,1.768346720E-2
6.084865530E-1,-6.108652335E-3,1.649336144E-2,-1.832595794E-3,1.768346720E-2
6.169175530E-1,3.359758761E-3,2.412917651E-2,3.054326167E-3,2.455267901E-2
6.177995530E-1,3.359758761E-3,2.412917651E-2,3.054326167E-3,2.455267901E-2
6.262495530E-1,1.191187184E-2,8.552113548E-3,1.527163084E-3,1.474325487E-2
6.271105530E-1,1.191187184E-2,8.552113548E-3,1.527163084E-3,1.474325487E-2
6.355575530E-1,1.832595654E-2,-3.054326167E-3,6.414085161E-3,1.965477244E-2
6.364205530E-1,1.832595654E-2,-3.054326167E-3,6.414085161E-3,1.965477244E-2
6.448785530E-1,2.321287990E-2,3.970623948E-3,2.748893574E-3,2.370991488E-2
6.457455530E-1,2.321287990E-2,3.970623948E-3,2.748893574E-3,2.370991488E-2
6.543685530E-1,2.321287990E-2,9.162978968E-4,-1.221730490E-3,2.326306128E-2
6.552525530E-1,2.321287990E-2,9.162978968E-4,-1.221730490E-3,2.326306128E-2
6.635105530E-1,3.787364438E-2,1.313360315E-2,-6.414085161E-3,4.059612000E-2
6.643135530E-1,3.787364438E-2,1.313360315E-2,-6.414085161E-3,4.059612000E-2
6.728685530E-1,5.467243865E-2,2.504547499E-2,-9.162978269E-3,6.083018606E-2
6.736805530E-1,5.467243865E-2,2.504547499E-2,-9.162978269E-3,6.083018606E-2
6.821355530E-1,5.986479297E-2,2.504547499E-2,-1.802052557E-2,6.734841199E-2
6.829795530E-1,5.986479297E-2,2.504547499E-2,-1.802052557E-2,6.734841199E-2
6.914745530E-1,4.031710699E-2,2.015855350E-2,-1.863138936E-2,4.877463547E-2
6.923295530E-1,4.031710699E-2,2.015855350E-2,-1.863138936E-2,4.877463547E-2
7.007915530E-1,3.054326214E-2,1.649336144E-2,-1.007927675E-2,3.614572801E-2
7.016075530E-1,3.054326214E-2,1.649336144E-2,-1.007927675E-2,3.614572801E-2
7.101185530E-1,2.107485011E-2,9.468411095E-3,-1.221730490E-3,2.313639430E-2
7.109415530E-1,2.107485011E-2,9.468411095E-3,-1.221730490E-3,2.313639430E-2
7.194245530E-1,1.710422710E-2,5.803219974E-3,5.497787148E-3,1.888008501E-2
7.202375530E-1,1.710422710E-2,5.803219974E-3,5.497787148E-3,1.888008501E-2
7.288665530E-1,1.557706390E-2,4.581489135E-3,1.130100712E-2,1.978251057E-2
7.297805530E-1,1.557706390E-2,4.581489135E-3,1.130100712E-2,1.978251057E-2
7.383275530E-1,3.298672289E-2,4.276056774E-3,9.773843922E-3,3.466895691E-2
7.392555530E-1,3.298672289E-2,4.276056774E-3,9.773843922E-3,3.466895691E-2
7.476345530E-1,3.481931984E-2,1.374446787E-2,-3.054326226E-4,3.743512683E-2
7.484605530E-1,3.481931984E-2,1.374446787E-2,-3.054326226E-4,3.743512683E-2
7.569085530E-1,2.321287990E-2,1.343903504E-2,-1.527163084E-3,2.686592048E-2
7.577495530E-1,2.321287990E-2,1.343903504E-2,-1.527163084E-3,2.686592048E-2
7.660375530E-1,-3.359758761E-3,-1.527163084E-3,-9.162978968E-4,3.802605403E-3
7.668445530E-1,-3.359758761E-3,-1.527163084E-3,-9.162978968E-4,3.802605403E-3
7.753825530E-1,-1.863138936E-2,-1.160643995E-2,1.832595794E-3,2.202717697E-2
7.762065530E-1,-1.863138936E-2,-1.160643995E-2,1.832595794E-3,2.202717697E-2
7.846915530E-1,-2.015855350E-2,-1.313360315E-2,8.552113548E-3,2.553424087E-2
7.855095530E-1,-2.015855350E-2,-1.313360315E-2,8.552113548E-3,2.553424087E-2
7.940275530E-1,-1.496619824E-2,-1.130100712E-2,6.414085161E-3,1.982020031E-2
7.948605530E-1,-1.496619824E-2,-1.130100712E-2,6.414085161E-3,1.982020031E-2
8.035415530E-1,7.330383174E-3,-8.246680722E-3,7.941247895E-3,1.359432523E-2
8.044675530E-1,7.330383174E-3,-8.246680722E-3,7.941247895E-3,1.359432523E-2
8.127095530E-1,2.076941915E-2,-1.130100712E-2,5.192354787E-3,2.420830605E-2
8.135665530E-1,2.076941915E-2,-1.130100712E-2,5.192354787E-3,2.420830605E-2
8.220315530E-1,2.962696366E-2,-4.886921961E-3,-1.221730490E-3,3.005214813E-2
8.228825530E-1,2.962696366E-2,-4.886921961E-3,-1.221730490E-3,3.005214813E-2
8.315545530E-1,2.993239649E-2,2.748893574E-3,-7.635815535E-3,3.101306909E-2
8.325735530E-1,2.993239649E-2,2.748893574E-3,-7.635815535E-3,3.101306909E-2
8.406525530E-1,2.321287990E-2,1.252273750E-2,-5.497787148E-3,2.694220501E-2
8.415285530E-1,2.321287990E-2,1.252273750E-2,-5.497787148E-3,2.694220501E-2
8.499845530E-1,1.924225502E-2,1.740965992E-2,-3.665191587E-3,2.620675993E-2
8.508095530E-1,1.924225502E-2,1.740965992E-2,-3.665191587E-3,2.620675993E-2
8.593295530E-1,2.229658142E-2,1.191187184E-2,6.108652451E-4,2.528642699E-2
8.601935530E-1,2.229658142E-2,1.191187184E-2,6.108652451E-4,2.528642699E-2
8.686675530E-1,2.443460934E-2,1.191187184E-2,-4.276056774E-3,2.751776673E-2
8.695295530E-1,2.443460934E-2,1.191187184E-2,-4.276056774E-3,2.751776673E-2
8.779935530E-1,3.207042441E-2,-9.468411095E-3,6.108652451E-4,3.344452252E-2
8.788575530E-1,3.207042441E-2,-9.468411095E-3,6.108652451E-4,3.344452252E-2
8.872565530E-1,4.092797264E-2,-8.552113548E-3,2.748893574E-3,4.190219573E-2
8.881155530E-1,4.092797264E-2,-8.552113548E-3,2.748893574E-3,4.190219573E-2
8.965725530E-1,3.756821156E-2,-1.985312067E-2,2.748893574E-3,4.258019887E-2
8.974065530E-1,3.756821156E-2,-1.985312067E-2,2.748893574E-3,4.258019887E-2
9.058975530E-1,2.260201424E-2,-3.481931984E-2,-6.108652451E-4,4.151637314E-2
9.067175530E-1,2.260201424E-2,-3.481931984E-2,-6.108652451E-4,4.151637314E-2
9.152355530E-1,-3.359758761E-3,-6.658431143E-2,-5.497787148E-3,6.689532249E-2
9.160655530E-1,-3.359758761E-3,-6.658431143E-2,-5.497787148E-3,6.689532249E-2
9.245955530E-1,-2.535090782E-2,-6.933320314E-2,-8.552113548E-3,7.431621782E-2
9.254485530E-1,-2.535090782E-2,-6.933320314E-2,-8.552113548E-3,7.431621782E-2
9.338975530E-1,-4.550946131E-2,-5.528330430E-2,3.970623948E-3,7.171555381E-2
9.347735530E-1,-4.550946131E-2,-5.528330430E-2,3.970623948E-3,7.171555381E-2
9.432315530E-1,-6.566801667E-2,-5.803219974E-2,2.504547499E-2,9.114439334E-2
9.441055530E-1,-6.566801667E-2,-5.803219974E-2,2.504547499E-2,9.114439334E-2
9.525745530E-1,-6.658431143E-2,-8.124507964E-2,3.084869497E-2,1.094800232E-1
9.534185530E-1,-6.658431143E-2,-8.124507964E-2,3.084869497E-2,1.094800232E-1
9.618355530E-1,-8.368854225E-2,-9.804387391E-2,1.893682219E-2,1.302880522E-1
9.626875530E-1,-8.368854225E-2,-9.804387391E-2,1.893682219E-2,1.302880522E-1
9.711495530E-1,-1.203404516E-1,-8.399397135E-2,2.351831272E-2,1.486267895E-1
9.719705530E-1,-1.203404516E-1,-8.399397135E-2,2.351831272E-2,1.486267895E-1
9.805765530E-1,-1.340849251E-1,-5.864306539E-2,2.443460934E-2,1.483739410E-1
9.814935530E-1,-1.340849251E-1,-5.864306539E-2,2.443460934E-2,1.483739410E-1
9.900745530E-1,-1.365283877E-1,-4.306599870E-2,2.015855350E-2,1.445719480E-1
9.910515530E-1,-1.365283877E-1,-4.306599870E-2,2.015855350E-2,1.445719480E-1
9.991965530E-1,-1.463022232E-1,-4.856378585E-2,3.604105115E-2,1.583089990E-1
1.000090553E0,-1.463022232E-1,-4.856378585E-2,3.604105115E-2,1.583089990E-1
1.008502553E0,-1.603521258E-1,-6.078109145E-2,3.084869497E-2,1.742377321E-1
1.009361553E0,-1.603521258E-1,-6.078109145E-2,3.084869497E-2,1.742377321E-1
1.017865553E0,-1.618792862E-1,-5.222897977E-2,1.374446787E-2,1.706507545E-1
1.018781553E0,-1.618792862E-1,-5.222897977E-2,1.374446787E-2,1.706507545E-1
1.027137553E0,-1.631010175E-1,-3.237585723E-2,1.710422710E-2,1.671606790E-1
1.028035553E0,-1.631010175E-1,-3.237585723E-2,1.710422710E-2,1.671606790E-1
1.036637553E0,-1.649336219E-1,-2.229658142E-2,1.863138936E-2,1.674734780E-1
1.037613553E0,-1.649336219E-1,-2.229658142E-2,1.863138936E-2,1.674734780E-1
1.045810553E0,-1.594358236E-1,-1.954768784E-2,1.557706390E-2,1.613832050E-1
1.046693553E0,-1.594358236E-1,-1.954768784E-2,1.557706390E-2,1.613832050E-1
1.055181553E0,-1.533271819E-1,-9.162978269E-3,4.886921961E-3,1.536784529E-1
1.056063553E0,-1.533271819E-1,-9.162978269E-3,4.886921961E-3,1.536784529E-1
1.064461553E0,-1.508837193E-1,5.803219974E-3,-7.330383174E-3,1.511731082E-1
1.065334553E0,-1.508837193E-1,5.803219974E-3,-7.330383174E-3,1.511731082E-1
1.073826553E0,-1.432479024E-1,2.504547499E-2,-1.282817032E-2,1.459856134E-1
1.074714553E0,-1.432479024E-1,2.504547499E-2,-1.282817032E-2,1.459856134E-1
1.083141553E0,-1.322523206E-1,2.748893574E-2,-1.435533352E-2,1.358395874E-1
1.084030553E0,-1.322523206E-1,2.748893574E-2,-1.435533352E-2,1.358395874E-1
1.092389553E0,-1.230893433E-1,2.718350291E-2,-2.840523422E-2,1.292160462E-1
1.093243553E0,-1.230893433E-1,2.718350291E-2,-2.840523422E-2,1.292160462E-1
1.101746553E0,-1.237002090E-1,4.306599870E-2,-9.773843922E-3,1.313466786E-1
1.102625553E0,-1.237002090E-1,4.306599870E-2,-9.773843922E-3,1.313466786E-1
1.111060553E0,-1.496619880E-1,4.520402849E-2,1.832595794E-3,1.563504821E-1
1.111959553E0,-1.496619880E-1,4.520402849E-2,1.832595794E-3,1.563504821E-1
1.120595553E0,-1.655444801E-1,1.710422710E-2,1.191187184E-2,1.668514973E-1
1.121577553E0,-1.655444801E-1,1.710422710E-2,1.191187184E-2,1.668514973E-1
1.129697553E0,-1.802052408E-1,-8.552113548E-3,2.596177347E-2,1.822665113E-1
1.130558553E0,-1.802052408E-1,-8.552113548E-3,2.596177347E-2,1.822665113E-1
1.139022553E0,-1.970040351E-1,-2.535090782E-2,4.062253982E-2,2.027398558E-1
1.139857553E0,-1.970040351E-1,-2.535090782E-2,4.062253982E-2,2.027398558E-1
1.148298553E0,-2.021963894E-1,-3.298672289E-2,4.398229718E-2,2.095374579E-1
1.149120553E0,-2.021963894E-1,-3.298672289E-2,4.398229718E-2,2.095374579E-1
1.157862553E0,-2.003637999E-1,-2.412917651E-2,4.428773001E-2,2.066138246E-1
1.158702553E0,-2.003637999E-1,-2.412917651E-2,4.428773001E-2,2.066138246E-1
1.167217553E0,-1.970040351E-1,-5.803219974E-3,5.283984542E-2,2.040497892E-1
1.168098553E0,-1.970040351E-1,-5.803219974E-3,5.283984542E-2,2.040497892E-1
1.176321553E0,-1.930334121E-1,1.374446787E-2,5.528330430E-2,2.012636388E-1
1.177147553E0,-1.930334121E-1,1.374446787E-2,5.528330430E-2,2.012636388E-1
1.185623553E0,-1.875356287E-1,2.596177347E-2,5.009094998E-2,1.958385278E-1
1.186477553E0,-1.875356287E-1,2.596177347E-2,5.009094998E-2,1.958385278E-1
1.194960553E0,-1.994474977E-1,3.817907721E-2,4.489859566E-2,2.079731477E-1
1.195799553E0,-1.994474977E-1,3.817907721E-2,4.489859566E-2,2.079731477E-1
1.204246553E0,-2.064724565E-1,3.970624134E-2,4.001167417E-2,2.140289582E-1
1.205099553E0,-2.064724565E-1,3.970624134E-2,4.001167417E-2,2.140289582E-1
1.213569553E0,-2.058615834E-1,4.184427112E-2,4.245513305E-2,2.143183913E-1
1.214401553E0,-2.058615834E-1,4.184427112E-2,4.245513305E-2,2.143183913E-1
1.222893553E0,-2.098322064E-1,4.337143153E-2,3.207042441E-2,2.166544438E-1
1.223723553E0,-2.098322064E-1,4.337143153E-2,3.207042441E-2,2.166544438E-1
1.232219553E0,-2.333505303E-1,3.848451003E-2,3.084869497E-2,2.385061204E-1
1.233077553E0,-2.333505303E-1,3.848451003E-2,3.084869497E-2,2.385061204E-1
1.241554553E0,-2.474004179E-1,2.779436857E-2,2.657263726E-2,2.503709224E-1
1.242448553E0,-2.474004179E-1,2.779436857E-2,2.657263726E-2,2.503709224E-1
1.251192553E0,-2.406809032E-1,1.893682219E-2,1.252273750E-2,2.417492903E-1
1.252159553E0,-2.406809032E-1,1.893682219E-2,1.252273750E-2,2.417492903E-1
1.260187553E0,-2.318233550E-1,2.565634064E-2,1.007927675E-2,2.334564361E-1
1.261020553E0,-2.318233550E-1,2.565634064E-2,1.007927675E-2,2.334564361E-1
1.269843553E0,-2.388483137E-1,3.390302137E-2,1.099557430E-2,2.414929284E-1
1.270810553E0,-2.388483137E-1,3.390302137E-2,1.099557430E-2,2.414929284E-1
1.278824553E0,-2.528982162E-1,2.748893574E-2,2.138028387E-3,2.543967778E-1
1.279668553E0,-2.528982162E-1,2.748893574E-2,2.138028387E-3,2.543967778E-1
1.288145553E0,-2.562579811E-1,8.552113548E-3,-2.748893574E-3,2.564153816E-1
1.288978553E0,-2.562579811E-1,8.552113548E-3,-2.748893574E-3,2.564153816E-1
1.297536553E0,-2.684752643E-1,2.748893574E-3,9.162978968E-4,2.684909003E-1
1.298403553E0,-2.684752643E-1,2.748893574E-3,9.162978968E-4,2.684909003E-1
1.306797553E0,-2.678644061E-1,1.771509275E-2,8.857546374E-3,2.685956453E-1
1.307663553E0,-2.678644061E-1,1.771509275E-2,8.857546374E-3,2.685956453E-1
1.316148553E0,-2.626720667E-1,1.832595654E-2,9.773843922E-3,2.634919037E-1
1.317010553E0,-2.626720667E-1,1.832595654E-2,9.773843922E-3,2.634919037E-1
1.325455553E0,-2.532036304E-1,-3.054326226E-4,8.857546374E-3,2.533586941E-1
1.326320553E0,-2.532036304E-1,-3.054326226E-4,8.857546374E-3,2.533586941E-1
1.334789553E0,-2.681698501E-1,5.803219974E-3,9.162978269E-3,2.683890945E-1
1.335628553E0,-2.681698501E-1,5.803219974E-3,9.162978269E-3,2.683890945E-1
1.344093553E0,-3.213151097E-1,1.099557430E-2,2.535090782E-2,3.225011177E-1
1.344965553E0,-3.213151097E-1,1.099557430E-2,2.535090782E-2,3.225011177E-1
1.353732553E0,-3.423899710E-1,-1.252273750E-2,4.153883830E-2,3.451277826E-1
1.354641553E0,-3.423899710E-1,-1.252273750E-2,4.153883830E-2,3.451277826E-1
1.362755553E0,-3.689626157E-1,-8.246680722E-3,4.703662544E-2,3.720401372E-1
1.363583553E0,-3.689626157E-1,-8.246680722E-3,4.703662544E-2,3.720401372E-1
1.372077553E0,-4.346306324E-1,1.374446787E-2,6.230825558E-2,4.392892165E-1
1.372969553E0,-4.346306324E-1,1.374446787E-2,6.230825558E-2,4.392892165E-1
1.381424553E0,-4.841107130E-1,-3.115412779E-2,6.658431143E-2,4.896603237E-1
1.382321553E0,-4.841107130E-1,-3.115412779E-2,6.658431143E-2,4.896603237E-1
1.391028553E0,-5.167919993E-1,-6.017022580E-2,7.971791178E-2,5.263547968E-1
1.391951553E0,-5.167919993E-1,-6.017022580E-2,7.971791178E-2,5.263547968E-1
1.400252553E0,-5.442809463E-1,-9.651670605E-2,8.307767659E-2,5.589804320E-1
1.401159553E0,-5.442809463E-1,-9.651670605E-2,8.307767659E-2,5.589804320E-1
1.409483553E0,-5.742133260E-1,-1.337794960E-1,7.147123665E-2,5.939074296E-1
1.410340553E0,-5.742133260E-1,-1.337794960E-1,7.147123665E-2,5.939074296E-1
1.418694553E0,-5.595525503E-1,-1.243110746E-1,7.544185966E-2,5.781381963E-1
1.419534553E0,-5.595525503E-1,-1.243110746E-1,7.544185966E-2,5.781381963E-1
1.428033553E0,-5.485569835E-1,-8.704829961E-2,6.017022580E-2,5.586704097E-1
1.428883553E0,-5.485569835E-1,-8.704829961E-2,6.017022580E-2,5.586704097E-1
1.437331553E0,-5.430592299E-1,-5.833763257E-2,3.726277873E-2,5.474533050E-1
1.438182553E0,-5.430592299E-1,-5.833763257E-2,3.726277873E-2,5.474533050E-1
1.446640553E0,-5.332853794E-1,-2.535090782E-2,3.023782931E-2,5.347432007E-1
1.447489553E0,-5.332853794E-1,-2.535090782E-2,3.023782931E-2,5.347432007E-1
1.455986553E0,-5.308418870E-1,1.832595654E-2,1.435533352E-2,5.313520728E-1
1.456821553E0,-5.308418870E-1,1.832595654E-2,1.435533352E-2,5.313520728E-1
1.465265553E0,-5.201517344E-1,3.726277873E-2,-9.162978968E-4,5.214855521E-1
1.466074553E0,-5.201517344E-1,3.726277873E-2,-9.162978968E-4,5.214855521E-1
1.474601553E0,-4.960225821E-1,4.673119262E-2,-1.649336144E-2,4.984919631E-1
1.475424553E0,-4.960225821E-1,4.673119262E-2,-1.649336144E-2,4.984919631E-1
1.484195553E0,-4.767803252E-1,7.544185966E-2,-2.229658142E-2,4.832267482E-1
1.485109553E0,-4.767803252E-1,7.544185966E-2,-2.229658142E-2,4.832267482E-1
1.493349553E0,-4.776966274E-1,8.155050874E-2,-3.207042441E-2,4.856676491E-1
1.494262553E0,-4.776966274E-1,8.155050874E-2,-3.207042441E-2,4.856676491E-1
1.502849553E0,-5.213735104E-1,5.772676691E-2,-4.245513305E-2,5.262747906E-1
1.503827553E0,-5.213735104E-1,5.772676691E-2,-4.245513305E-2,5.262747906E-1
1.511908553E0,-5.699372888E-1,2.260201424E-2,-3.634648025E-2,5.715421514E-1
1.512735553E0,-5.699372888E-1,2.260201424E-2,-3.634648025E-2,5.715421514E-1
1.521208553E0,-6.337726712E-1,-8.246680722E-3,-2.260201424E-2,6.342291838E-1
1.522019553E0,-6.337726712E-1,-8.246680722E-3,-2.260201424E-2,6.342291838E-1
1.530594553E0,-7.095199823E-1,-4.214970022E-2,-8.857546374E-3,7.108260397E-1
1.531437553E0,-7.095199823E-1,-4.214970022E-2,-8.857546374E-3,7.108260397E-1
1.540087553E0,-7.535023093E-1,-5.742133409E-2,-1.527163084E-3,7.556886078E-1
1.540917553E0,-7.535023093E-1,-5.742133409E-2,-1.527163084E-3,7.556886078E-1
1.549413553E0,-7.712173462E-1,-3.451388702E-2,8.246680722E-3,7.720332967E-1
1.550316553E0,-7.712173462E-1,-3.451388702E-2,8.246680722E-3,7.720332967E-1
1.558700553E0,-7.745771408E-1,-2.474004216E-2,2.229658142E-2,7.752928184E-1
1.559560553E0,-7.745771408E-1,-2.474004216E-2,2.229658142E-2,7.752928184E-1
1.567866553E0,-7.745771408E-1,-2.535090782E-2,2.657263726E-2,7.754473036E-1
1.568694553E0,-7.745771408E-1,-2.535090782E-2,2.657263726E-2,7.754473036E-1
1.577207553E0,-7.547240257E-1,-2.779436857E-2,3.207042441E-2,7.559162613E-1
1.578068553E0,-7.547240257E-1,-2.779436857E-2,3.207042441E-2,7.559162613E-1
1.586488553E0,-7.391469479E-1,-2.901609987E-2,3.481931984E-2,7.405352994E-1
1.587348553E0,-7.391469479E-1,-2.901609987E-2,3.481931984E-2,7.405352994E-1
1.595842553E0,-7.232644558E-1,-2.046398632E-2,3.512475267E-2,7.244059608E-1
1.596672553E0,-7.232644558E-1,-2.046398632E-2,3.512475267E-2,7.244059608E-1
1.605133553E0,-6.933320761E-1,-6.719517522E-3,3.512475267E-2,6.942537489E-1
1.605963553E0,-6.933320761E-1,-6.719517522E-3,3.512475267E-2,6.942537489E-1
1.614538553E0,-6.792821288E-1,2.138028387E-3,3.726277873E-2,6.803067664E-1
1.615419553E0,-6.792821288E-1,2.138028387E-3,3.726277873E-2,6.803067664E-1
1.623828553E0,-6.835582256E-1,9.468411095E-3,2.871066704E-2,6.842264253E-1
1.624722553E0,-6.835582256E-1,9.468411095E-3,2.871066704E-2,6.842264253E-1
1.633329553E0,-6.728680730E-1,2.535090782E-2,2.962696366E-2,6.739969356E-1
1.634318553E0,-6.728680730E-1,2.535090782E-2,2.962696366E-2,6.739969356E-1
1.642688553E0,-6.539312601E-1,5.742133409E-2,2.840523422E-2,6.570617626E-1
1.643564553E0,-6.539312601E-1,5.742133409E-2,2.840523422E-2,6.570617626E-1
1.652022553E0,-6.627888083E-1,6.750060618E-2,2.260201424E-2,6.666004706E-1
1.652984553E0,-6.627888083E-1,6.750060618E-2,2.260201424E-2,6.666004706E-1
1.661100553E0,-6.786713004E-1,4.520402849E-2,1.679879427E-2,6.803824937E-1
1.662003553E0,-6.786713004E-1,4.520402849E-2,1.679879427E-2,6.803824937E-1
1.670437553E0,-6.921103001E-1,3.543018550E-2,1.313360315E-2,6.931410080E-1
1.671311553E0,-6.921103001E-1,3.543018550E-2,1.313360315E-2,6.931410080E-1
1.679756553E0,-6.869179606E-1,5.222897977E-2,4.581489135E-3,6.889159172E-1
1.680654553E0,-6.869179606E-1,5.222897977E-2,4.581489135E-3,6.889159172E-1
1.689230553E0,-6.841690540E-1,6.811147183E-2,-8.246680722E-3,6.876005198E-1
1.690205553E0,-6.841690540E-1,6.811147183E-2,-8.246680722E-3,6.876005198E-1
1.698444553E0,-6.933320761E-1,6.322455406E-2,-2.382374369E-2,6.966163095E-1
1.699330553E0,-6.933320761E-1,6.322455406E-2,-2.382374369E-2,6.966163095E-1
1.707979553E0,-7.034113407E-1,4.184427112E-2,-1.771509275E-2,7.048774942E-1
1.708979553E0,-7.034113407E-1,4.184427112E-2,-1.771509275E-2,7.048774942E-1
1.717077553E0,-7.171558142E-1,4.184427112E-2,-1.802052557E-2,7.186015197E-1
1.717955553E0,-7.171558142E-1,4.184427112E-2,-1.802052557E-2,7.186015197E-1
1.726372553E0,-7.247915864E-1,-3.054326214E-2,-1.618792862E-2,7.256154516E-1
1.727320553E0,-7.247915864E-1,-3.054326214E-2,-1.618792862E-2,7.256154516E-1
1.735721553E0,-7.275404930E-1,-3.145955876E-2,-1.771509275E-2,7.284357881E-1
1.736599553E0,-7.275404930E-1,-3.145955876E-2,-1.771509275E-2,7.284357881E-1
1.745065553E0,-7.290676832E-1,-1.435533352E-2,-1.985312067E-2,7.294792038E-1
1.745978553E0,-7.290676832E-1,-1.435533352E-2,-1.985312067E-2,7.294792038E-1
1.754349553E0,-7.269296646E-1,1.863138936E-2,-1.802052557E-2,7.273916451E-1
1.755224553E0,-7.269296646E-1,1.863138936E-2,-1.802052557E-2,7.273916451E-1
1.763689553E0,-7.278459668E-1,2.901609987E-2,-2.015855350E-2,7.287029935E-1
1.764563553E0,-7.278459668E-1,2.901609987E-2,-2.015855350E-2,7.287029935E-1
1.772996553E0,-7.449501753E-1,3.176499158E-2,-2.962696366E-2,7.462154751E-1
1.773888553E0,-7.449501753E-1,3.176499158E-2,-2.962696366E-2,7.462154751E-1
1.782493553E0,-7.458664775E-1,5.619960278E-2,-3.543018550E-2,7.488194012E-1
1.783464553E0,-7.458664775E-1,5.619960278E-2,-3.543018550E-2,7.488194012E-1
1.791875553E0,-7.260133624E-1,8.796459436E-2,-3.145955876E-2,7.319992323E-1
1.792870553E0,-7.260133624E-1,8.796459436E-2,-3.145955876E-2,7.319992323E-1
1.801136553E0,-7.104362845E-1,9.132435173E-2,-3.451388702E-2,7.171130037E-1
1.802094553E0,-7.104362845E-1,9.132435173E-2,-3.451388702E-2,7.171130037E-1
1.810426553E0,-7.247915864E-1,7.910704613E-2,-4.276056588E-2,7.303487074E-1
1.811383553E0,-7.247915864E-1,7.910704613E-2,-4.276056588E-2,7.303487074E-1
1.819604553E0,-7.223481536E-1,7.177666575E-2,-3.940080851E-2,7.269739806E-1
1.820480553E0,-7.223481536E-1,7.177666575E-2,-3.940080851E-2,7.269739806E-1
1.829167553E0,-7.015787363E-1,7.422012836E-2,-2.962696366E-2,7.061155059E-1
1.830223553E0,-7.015787363E-1,7.422012836E-2,-2.962696366E-2,7.061155059E-1
1.838245553E0,-7.015787363E-1,5.314527452E-2,-3.298672289E-2,7.043616027E-1
1.839111553E0,-7.015787363E-1,5.314527452E-2,-3.298672289E-2,7.043616027E-1
1.847648553E0,-7.205155492E-1,1.404990070E-2,-2.687807009E-2,7.211535807E-1
1.848541553E0,-7.205155492E-1,1.404990070E-2,-2.687807009E-2,7.211535807E-1
1.856935553E0,-7.229590416E-1,-1.221730490E-3,-2.412917651E-2,7.233626239E-1
1.857839553E0,-7.229590416E-1,-1.221730490E-3,-2.412917651E-2,7.233626239E-1
1.866216553E0,-7.125743032E-1,1.649336144E-2,-2.138028294E-2,7.130857487E-1
1.867079553E0,-7.125743032E-1,1.649336144E-2,-2.138028294E-2,7.130857487E-1
1.875546553E0,-7.031059265E-1,3.665191587E-3,-9.468411095E-3,7.031792292E-1
1.876408553E0,-7.031059265E-1,3.665191587E-3,-9.468411095E-3,7.031792292E-1
1.884863553E0,-7.046330571E-1,3.054326226E-4,1.832595794E-3,7.046355064E-1
1.885728553E0,-7.046330571E-1,3.054326226E-4,1.832595794E-3,7.046355064E-1
1.894218553E0,-7.028004527E-1,-6.108652451E-4,3.054326226E-4,7.028007846E-1
1.895085553E0,-7.028004527E-1,-6.108652451E-4,3.054326226E-4,7.028007846E-1
1.903530553E0,-7.156286240E-1,1.191187184E-2,2.443460980E-3,7.157319265E-1
1.904398553E0,-7.156286240E-1,1.191187184E-2,2.443460980E-3,7.157319265E-1
1.912882553E0,-7.150177956E-1,2.626720630E-2,9.162978968E-4,7.155007014E-1
1.913759553E0,-7.150177956E-1,2.626720630E-2,9.162978968E-4,7.155007014E-1
1.922172553E0,-7.156286240E-1,2.840523422E-2,-3.359758761E-3,7.162000229E-1
1.923065553E0,-7.156286240E-1,2.840523422E-2,-3.359758761E-3,7.162000229E-1
1.931451553E0,-7.104362845E-1,2.840523422E-2,-7.941247895E-3,7.110482650E-1
1.932327553E0,-7.104362845E-1,2.840523422E-2,-7.941247895E-3,7.110482650E-1
1.940775553E0,-6.942483783E-1,3.115412779E-2,-1.343903504E-2,6.950769728E-1
1.941623553E0,-6.942483783E-1,3.115412779E-2,-1.343903504E-2,6.950769728E-1
1.950132553E0,-6.945537925E-1,-4.886921961E-3,-2.443460934E-2,6.950006495E-1
1.950984553E0,-6.945537925E-1,-4.886921961E-3,-2.443460934E-2,6.950006495E-1
1.959421553E0,-7.119634151E-1,-2.199114859E-2,-3.940080851E-2,7.133918550E-1
1.960271553E0,-7.119634151E-1,-2.199114859E-2,-3.940080851E-2,7.133918550E-1
1.968758553E0,-7.183775306E-1,-1.679879427E-2,-5.100724846E-2,7.203819926E-1
1.969597553E0,-7.183775306E-1,-1.679879427E-2,-5.100724846E-2,7.203819926E-1
1.978109553E0,-7.250970602E-1,-2.351831272E-2,-4.886921868E-2,7.271224507E-1
1.978989553E0,-7.250970602E-1,-2.351831272E-2,-4.886921868E-2,7.271224507E-1
1.987417553E0,-7.501425147E-1,-2.382374369E-2,-4.214970022E-2,7.517033726E-1
1.988279553E0,-7.501425147E-1,-2.382374369E-2,-4.214970022E-2,7.517033726E-1
1.996726553E0,-7.843509912E-1,-1.679879427E-2,-4.489859566E-2,7.858145843E-1
1.997598553E0,-7.843509912E-1,-1.679879427E-2,-4.489859566E-2,7.858145843E-1
2.006023553E0,-7.965682745E-1,-2.443460980E-3,-4.092797264E-2,7.976227714E-1
2.006854553E0,-7.965682745E-1,-2.443460980E-3,-4.092797264E-2,7.976227714E-1
2.015399553E0,-8.029823899E-1,1.130100712E-2,-3.207042441E-2,8.037020240E-1
2.016262553E0,-8.029823899E-1,1.130100712E-2,-3.207042441E-2,8.037020240E-1
2.024870553E0,-8.307767510E-1,1.802052557E-2,-4.153883830E-2,8.320097502E-1
2.025790553E0,-8.307767510E-1,1.802052557E-2,-4.153883830E-2,8.320097502E-1
2.034048553E0,-8.362745047E-1,3.878994286E-2,-5.283984542E-2,8.388395294E-1
2.034909553E0,-8.362745047E-1,3.878994286E-2,-5.283984542E-2,8.388395294E-1
2.043340553E0,-8.026769161E-1,5.070181563E-2,-4.367686436E-2,8.054617150E-1
2.044260553E0,-8.026769161E-1,5.070181563E-2,-4.367686436E-2,8.054617150E-1
2.052669553E0,-7.544185519E-1,6.200282276E-2,-4.153883830E-2,7.581010332E-1
2.053549553E0,-7.544185519E-1,6.200282276E-2,-4.153883830E-2,7.581010332E-1
2.062007553E0,-7.006624341E-1,6.169738993E-2,-3.298672289E-2,7.041466739E-1
2.062886553E0,-7.006624341E-1,6.169738993E-2,-3.298672289E-2,7.041466739E-1
2.071320553E0,-6.493497491E-1,7.360926270E-2,-2.657263726E-2,6.540485649E-1
2.072178553E0,-6.493497491E-1,7.360926270E-2,-2.657263726E-2,6.540485649E-1
2.080646553E0,-6.270532012E-1,7.880161703E-2,-1.618792862E-2,6.321925822E-1
2.081503553E0,-6.270532012E-1,7.880161703E-2,-1.618792862E-2,6.321925822E-1
2.089972553E0,-6.191119552E-1,6.414084882E-2,-1.221730467E-2,6.225455197E-1
2.090832553E0,-6.191119552E-1,6.414084882E-2,-1.221730467E-2,6.225455197E-1
2.099416553E0,-6.365215778E-1,3.909537569E-2,-1.374446787E-2,6.378691699E-1
2.100377553E0,-6.365215778E-1,3.909537569E-2,-1.374446787E-2,6.378691699E-1
2.108716553E0,-6.856962442E-1,1.191187184E-2,-1.618792862E-2,6.859907296E-1
2.109666553E0,-6.856962442E-1,1.191187184E-2,-1.618792862E-2,6.859907296E-1
2.117952553E0,-7.281513810E-1,2.321287990E-2,-2.443460934E-2,7.289309443E-1
2.118819553E0,-7.281513810E-1,2.321287990E-2,-2.443460934E-2,7.289309443E-1
2.127469553E0,-7.443392873E-1,6.108652428E-2,-3.115412779E-2,7.474912158E-1
2.128359553E0,-7.443392873E-1,6.108652428E-2,-3.115412779E-2,7.474912158E-1
2.136586553E0,-7.431175709E-1,9.926560521E-2,-2.840523422E-2,7.502561175E-1
2.137464553E0,-7.431175709E-1,9.926560521E-2,-2.840523422E-2,7.502561175E-1
2.145891553E0,-7.082982659E-1,1.120937690E-1,-2.748893574E-2,7.176399433E-1
2.146745553E0,-7.082982659E-1,1.120937690E-1,-2.748893574E-2,7.176399433E-1
2.155243553E0,-6.747006774E-1,8.613199741E-2,-2.718350291E-2,6.807192284E-1
2.156116553E0,-6.747006774E-1,8.613199741E-2,-2.718350291E-2,6.807192284E-1
2.164552553E0,-6.447682381E-1,6.597344577E-2,-2.199114859E-2,6.485076615E-1
2.165424553E0,-6.447682381E-1,6.597344577E-2,-2.199114859E-2,6.485076615E-1
2.174144553E0,-6.175847650E-1,4.764748737E-2,-1.252273750E-2,6.195466439E-1
2.175137553E0,-6.175847650E-1,4.764748737E-2,-1.252273750E-2,6.195466439E-1
2.183207553E0,-6.111706495E-1,1.649336144E-2,-9.773843922E-3,6.114712764E-1
2.184110553E0,-6.111706495E-1,1.649336144E-2,-9.773843922E-3,6.114712764E-1
2.192535553E0,-6.209445000E-1,3.054326167E-3,-8.246680722E-3,6.210067702E-1
2.193407553E0,-6.209445000E-1,3.054326167E-3,-8.246680722E-3,6.210067702E-1
2.201855553E0,-6.191119552E-1,-8.552113548E-3,-2.748893574E-3,6.191771217E-1
2.202771553E0,-6.191119552E-1,-8.552113548E-3,-2.748893574E-3,6.191771217E-1
2.211364553E0,-6.450737119E-1,6.414085161E-3,-3.665191587E-3,6.451160112E-1
2.212300553E0,-6.450737119E-1,6.414085161E-3,-3.665191587E-3,6.451160112E-1
2.220768553E0,-6.444628239E-1,5.375614017E-2,-1.130100712E-2,6.467996341E-1
2.221759553E0,-6.444628239E-1,5.375614017E-2,-1.130100712E-2,6.467996341E-1
2.229848553E0,-6.038402915E-1,1.313360333E-1,-2.015855350E-2,6.182868417E-1
2.230760553E0,-6.038402915E-1,1.313360333E-1,-2.015855350E-2,6.182868417E-1
2.239154553E0,-5.342016816E-1,1.912008226E-1,-7.024950348E-3,5.674315299E-1
2.240051553E0,-5.342016816E-1,1.912008226E-1,-7.024950348E-3,5.674315299E-1
2.248477553E0,-4.670064747E-1,2.257147133E-1,-7.024950348E-3,5.187403292E-1
2.249345553E0,-4.670064747E-1,2.257147133E-1,-7.024950348E-3,5.187403292E-1
2.257971553E0,-4.089742899E-1,2.385428846E-1,8.857546374E-3,4.735410581E-1
2.258905553E0,-4.089742899E-1,2.385428846E-1,8.857546374E-3,4.735410581E-1
2.267118553E0,-3.674354553E-1,1.835650057E-1,1.038470957E-2,4.108683090E-1
2.268008553E0,-3.674354553E-1,1.835650057E-1,1.038470957E-2,4.108683090E-1
2.276701553E0,-3.616322279E-1,8.460483700E-2,1.221730467E-2,3.715980479E-1
2.277688553E0,-3.616322279E-1,8.460483700E-2,1.221730467E-2,3.715980479E-1
2.285769553E0,-3.793473244E-1,-1.130100712E-2,1.740965992E-2,3.799147293E-1
2.286645553E0,-3.793473244E-1,-1.130100712E-2,1.740965992E-2,3.799147293E-1
2.295109553E0,-4.288274050E-1,-1.014036313E-1,1.802052557E-2,4.410219711E-1
2.295979553E0,-4.288274050E-1,-1.014036313E-1,1.802052557E-2,4.410219711E-1
2.304412553E0,-5.009095073E-1,-1.536326110E-1,4.886921961E-3,5.239629716E-1
2.305326553E0,-5.009095073E-1,-1.536326110E-1,4.886921961E-3,5.239629716E-1
2.313821553E0,-5.415320396E-1,-1.530217379E-1,-4.581489135E-3,5.627553574E-1
2.314713553E0,-5.415320396E-1,-1.530217379E-1,-4.581489135E-3,5.627553574E-1
2.323078553E0,-5.571091175E-1,-1.169806942E-1,-1.954768784E-2,5.695938586E-1
2.323951553E0,-5.571091175E-1,-1.169806942E-1,-1.954768784E-2,5.695938586E-1
2.332389553E0,-5.561928153E-1,-7.391469181E-2,-2.535090782E-2,5.616551415E-1
2.333259553E0,-5.561928153E-1,-7.391469181E-2,-2.535090782E-2,5.616551415E-1
2.341711553E0,-5.528330207E-1,-2.535090782E-2,-3.604105115E-2,5.545863095E-1
2.342635553E0,-5.528330207E-1,-2.535090782E-2,-3.604105115E-2,5.545863095E-1
2.351287553E0,-5.384777188E-1,-2.443460934E-2,-3.634648025E-2,5.402558379E-1
2.352174553E0,-5.384777188E-1,-2.443460934E-2,-3.634648025E-2,5.402558379E-1
2.360613553E0,-5.415320396E-1,-8.918632567E-2,-3.451388702E-2,5.499112283E-1
2.361513553E0,-5.415320396E-1,-8.918632567E-2,-3.451388702E-2,5.499112283E-1
2.369675553E0,-5.684100986E-1,-1.582140923E-1,-2.321287990E-2,5.904748741E-1
2.370568553E0,-5.684100986E-1,-1.582140923E-1,-2.321287990E-2,5.904748741E-1
2.379004553E0,-5.962044597E-1,-2.281581759E-1,-8.246680722E-3,6.384229936E-1
2.379888553E0,-5.962044597E-1,-2.281581759E-1,-8.246680722E-3,6.384229936E-1
2.388351553E0,-6.359107494E-1,-2.828305960E-1,9.468411095E-3,6.960354000E-1
2.389268553E0,-6.359107494E-1,-2.828305960E-1,9.468411095E-3,6.960354000E-1
2.397836553E0,-6.490443349E-1,-2.953533530E-1,2.596177347E-2,7.135588031E-1
2.398801553E0,-6.490443349E-1,-2.953533530E-1,2.596177347E-2,7.135588031E-1
2.407231553E0,-6.029239893E-1,-2.409863323E-1,4.153883830E-2,6.506283304E-1
2.408250553E0,-6.029239893E-1,-2.409863323E-1,4.153883830E-2,6.506283304E-1
2.416290553E0,-4.975497425E-1,-1.319468915E-1,4.948008433E-2,5.171208825E-1
2.417174553E0,-4.975497425E-1,-1.319468915E-1,4.948008433E-2,5.171208825E-1
2.425860553E0,-3.714060783E-1,-1.007927675E-2,4.764748737E-2,3.745855709E-1
2.426868553E0,-3.714060783E-1,-1.007927675E-2,4.764748737E-2,3.745855709E-1
2.434955553E0,-2.907718420E-1,7.452555746E-2,4.153883830E-2,3.030310181E-1
2.435865553E0,-2.907718420E-1,7.452555746E-2,4.153883830E-2,3.030310181E-1
2.444253553E0,-2.733621895E-1,8.246681094E-2,3.329215571E-2,2.874648312E-1
2.445145553E0,-2.733621895E-1,8.246681094E-2,3.329215571E-2,2.874648312E-1
2.453580553E0,-2.901609838E-1,6.352998316E-2,2.718350291E-2,2.982757082E-1
2.454480553E0,-2.901609838E-1,6.352998316E-2,2.718350291E-2,2.982757082E-1
2.462991553E0,-3.335324228E-1,4.459316283E-2,2.107485011E-2,3.371595713E-1
2.463921553E0,-3.335324228E-1,4.459316283E-2,2.107485011E-2,3.371595713E-1
2.472581553E0,-4.105014503E-1,2.443460934E-2,7.941247895E-3,4.113046976E-1
2.473586553E0,-4.105014503E-1,2.443460934E-2,7.941247895E-3,4.113046976E-1
2.481609553E0,-4.786129296E-1,2.168571576E-2,-9.162978968E-4,4.791048385E-1
2.482544553E0,-4.786129296E-1,2.168571576E-2,-9.162978968E-4,4.791048385E-1
2.490901553E0,-5.030475259E-1,3.848451003E-2,6.108652451E-4,5.045178331E-1
2.491813553E0,-5.030475259E-1,3.848451003E-2,6.108652451E-4,5.045178331E-1
2.500224553E0,-4.966334403E-1,4.276056588E-2,1.374446787E-2,4.986603557E-1
2.501130553E0,-4.966334403E-1,4.276056588E-2,1.374446787E-2,4.986603557E-1
2.509559553E0,-4.627304375E-1,3.573561832E-2,3.145955876E-2,4.651732968E-1
2.510482553E0,-4.627304375E-1,3.573561832E-2,3.145955876E-2,4.651732968E-1
2.518921553E0,-4.398229718E-1,1.832595794E-3,2.932153270E-2,4.408030821E-1
2.519924553E0,-4.398229718E-1,1.832595794E-3,2.932153270E-2,4.408030821E-1
2.528481553E0,-4.276056588E-1,-3.054326214E-2,3.634648025E-2,4.302331425E-1
2.529409553E0,-4.276056588E-1,-3.054326214E-2,3.634648025E-2,4.302331425E-1
2.537528553E0,-3.976732790E-1,-6.383541971E-2,6.108652428E-2,4.073702998E-1
2.538452553E0,-3.976732790E-1,-6.383541971E-2,6.108652428E-2,4.073702998E-1
2.546875553E0,-3.836233616E-1,-8.032877743E-2,7.177666575E-2,3.984613981E-1
2.547800553E0,-3.836233616E-1,-8.032877743E-2,7.177666575E-2,3.984613981E-1
2.556163553E0,-3.646865487E-1,-6.108652428E-2,7.819075137E-2,3.779439586E-1
2.557091553E0,-3.646865487E-1,-6.108652428E-2,7.819075137E-2,3.779439586E-1
2.565529553E0,-3.103195429E-1,1.466076635E-2,7.941248268E-2,3.206547975E-1
2.566443553E0,-3.103195429E-1,1.466076635E-2,7.941248268E-2,3.206547975E-1
2.575089553E0,-2.321287990E-1,1.078177169E-1,7.513642311E-2,2.667469240E-1
2.576127553E0,-2.321287990E-1,1.078177169E-1,7.513642311E-2,2.667469240E-1
2.584144553E0,-1.704314053E-1,1.572978050E-1,5.650503561E-2,2.387096194E-1
2.585059553E0,-1.704314053E-1,1.572978050E-1,5.650503561E-2,2.387096194E-1
2.593470553E0,-1.401935667E-1,1.343903542E-1,4.428773001E-2,1.991893734E-1
2.594387553E0,-1.401935667E-1,1.343903542E-1,4.428773001E-2,1.991893734E-1
2.602796553E0,-1.447750628E-1,5.192354694E-2,2.657263726E-2,1.560832425E-1
2.603722553E0,-1.447750628E-1,5.192354694E-2,2.657263726E-2,1.560832425E-1
2.612098553E0,-1.423316002E-1,3.054326226E-4,2.138028294E-2,1.439287817E-1
2.613056553E0,-1.423316002E-1,3.054326226E-4,2.138028294E-2,1.439287817E-1
2.621441553E0,-1.319468915E-1,-3.329215571E-2,2.290744707E-2,1.379967425E-1
2.622362553E0,-1.319468915E-1,-3.329215571E-2,2.290744707E-2,1.379967425E-1
2.630773553E0,-1.295034289E-1,-4.734205827E-2,2.076941915E-2,1.394409458E-1
2.631737553E0,-1.295034289E-1,-4.734205827E-2,2.076941915E-2,1.394409458E-1
2.640084553E0,-1.475239545E-1,-5.650503561E-2,2.748893574E-2,1.603489251E-1
2.641019553E0,-1.475239545E-1,-5.650503561E-2,2.748893574E-2,1.603489251E-1
2.649390553E0,-2.049452960E-1,-6.627888232E-2,3.359758854E-2,2.180006022E-1
2.650369553E0,-2.049452960E-1,-6.627888232E-2,3.359758854E-2,2.180006022E-1
2.659009553E0,-2.755002379E-1,-7.941248268E-2,4.153883830E-2,2.897105428E-1
2.660037553E0,-2.755002379E-1,-7.941248268E-2,4.153883830E-2,2.897105428E-1
2.668116553E0,-3.237585723E-1,-8.246681094E-2,5.070181563E-2,3.379216805E-1
2.669026553E0,-3.237585723E-1,-8.246681094E-2,5.070181563E-2,3.379216805E-1
2.677684553E0,-3.488040566E-1,-7.757988572E-2,5.406157300E-2,3.613939157E-1
2.678728553E0,-3.488040566E-1,-7.757988572E-2,5.406157300E-2,3.613939157E-1
2.686686553E0,-3.469714522E-1,-4.734205827E-2,4.917465150E-2,3.536221225E-1
2.687628553E0,-3.469714522E-1,-4.734205827E-2,4.917465150E-2,3.536221225E-1
2.696020553E0,-3.158173263E-1,-6.108652451E-4,4.001167417E-2,3.183424113E-1
2.696942553E0,-3.158173263E-1,-6.108652451E-4,4.001167417E-2,3.183424113E-1
2.705324553E0,-2.806925774E-1,1.099557430E-2,3.573561832E-2,2.831717854E-1
2.706244553E0,-2.806925774E-1,1.099557430E-2,3.573561832E-2,2.831717854E-1
2.714672553E0,-2.474004179E-1,1.832595794E-3,2.504547499E-2,2.486716731E-1
2.715623553E0,-2.474004179E-1,1.832595794E-3,2.504547499E-2,2.486716731E-1
2.724284553E0,-2.266310006E-1,1.466076635E-2,5.803219974E-3,2.271788412E-1
2.725308553E0,-2.266310006E-1,1.466076635E-2,5.803219974E-3,2.271788412E-1
2.733316553E0,-2.046398520E-1,3.329215571E-2,3.665191587E-3,2.073626541E-1
2.734237553E0,-2.046398520E-1,3.329215571E-2,3.665191587E-3,2.073626541E-1
2.742641553E0,-1.545489132E-1,4.795292020E-2,2.474004216E-2,1.636976445E-1
2.743520553E0,-1.545489132E-1,4.795292020E-2,2.474004216E-2,1.636976445E-1
2.751951553E0,-1.102611795E-1,2.443460934E-2,2.565634064E-2,1.158137542E-1
2.752917553E0,-1.102611795E-1,2.443460934E-2,2.565634064E-2,1.158137542E-1
2.761275553E0,-1.279762685E-1,-5.619960278E-2,9.468411095E-3,1.400927245E-1
2.762193553E0,-1.279762685E-1,-5.619960278E-2,9.468411095E-3,1.400927245E-1
2.770908553E0,-1.560760736E-1,-1.133155003E-1,6.414085161E-3,1.929800090E-1
2.771957553E0,-1.560760736E-1,-1.133155003E-1,6.414085161E-3,1.929800090E-1
2.780011553E0,-1.621847153E-1,-1.111774743E-1,-1.221730490E-3,1.966362257E-1
2.780949553E0,-1.621847153E-1,-1.111774743E-1,-1.221730490E-3,1.966362257E-1
2.789247553E0,-1.627955884E-1,-7.788532227E-2,3.359758761E-3,1.804987950E-1
2.790177553E0,-1.627955884E-1,-7.788532227E-2,3.359758761E-3,1.804987950E-1
2.798565553E0,-1.511891484E-1,-4.581489414E-2,3.359758761E-3,1.580140851E-1
2.799485553E0,-1.511891484E-1,-4.581489414E-2,3.359758761E-3,1.580140851E-1
2.807947553E0,-1.459967941E-1,-2.229658142E-2,6.719517522E-3,1.478423260E-1
2.808864553E0,-1.459967941E-1,-2.229658142E-2,6.719517522E-3,1.478423260E-1
2.817224553E0,-1.218676195E-1,1.007927675E-2,7.330383174E-3,1.225032367E-1
2.818174553E0,-1.218676195E-1,1.007927675E-2,7.330383174E-3,1.225032367E-1
2.826810553E0,-9.285151958E-2,4.184427112E-2,1.038470957E-2,1.023727987E-1
2.827876553E0,-9.285151958E-2,4.184427112E-2,1.038470957E-2,1.023727987E-1
2.835871553E0,-6.780604273E-2,6.597344577E-2,1.282817032E-2,9.547102666E-2
2.836817553E0,-6.780604273E-2,6.597344577E-2,1.282817032E-2,9.547102666E-2
2.845173553E0,-3.970624134E-2,7.299839705E-2,1.221730467E-2,8.399175023E-2
2.846075553E0,-3.970624134E-2,7.299839705E-2,1.221730467E-2,8.399175023E-2
2.854504553E0,-1.038470957E-2,6.261368841E-2,1.679879427E-2,6.565451742E-2
2.855433553E0,-1.038470957E-2,6.261368841E-2,1.679879427E-2,6.565451742E-2
2.863827553E0,-6.108652335E-3,3.512475267E-2,2.260201424E-2,4.221273423E-2
2.864772553E0,-6.108652335E-3,3.512475267E-2,2.260201424E-2,4.221273423E-2
2.873154553E0,-6.719517522E-3,1.740965992E-2,3.023782931E-2,3.553272430E-2
2.874086553E0,-6.719517522E-3,1.740965992E-2,3.023782931E-2,3.553272430E-2
2.882513553E0,-8.246680722E-3,-1.282817032E-2,3.481931984E-2,3.801256018E-2
2.883439553E0,-8.246680722E-3,-1.282817032E-2,3.481931984E-2,3.801256018E-2
2.891823553E0,-2.260201424E-2,-2.748893574E-2,3.390302137E-2,4.915188189E-2
2.892779553E0,-2.260201424E-2,-2.748893574E-2,3.390302137E-2,4.915188189E-2
2.901453553E0,-3.023782931E-2,-1.832595654E-2,4.367686436E-2,5.619462149E-2
2.902458553E0,-3.023782931E-2,-1.832595654E-2,4.367686436E-2,5.619462149E-2
2.910763553E0,-5.222897977E-2,-1.832595654E-2,5.039638281E-2,7.485654554E-2
2.911777553E0,-5.222897977E-2,-1.832595654E-2,5.039638281E-2,7.485654554E-2
2.919798553E0,-7.238753140E-2,-2.260201424E-2,5.039638281E-2,9.105273829E-2
2.920721553E0,-7.238753140E-2,-2.260201424E-2,5.039638281E-2,9.105273829E-2
2.929428553E0,-8.613199741E-2,-3.115412779E-2,5.222897977E-2,1.054379769E-1
2.930335553E0,-8.613199741E-2,-3.115412779E-2,5.222897977E-2,1.054379769E-1
2.938407553E0,-6.017022580E-2,-9.773843922E-3,5.192354694E-2,8.007520730E-2
2.939306553E0,-6.017022580E-2,-9.773843922E-3,5.192354694E-2,8.007520730E-2
2.947730553E0,-1.252273750E-2,2.535090782E-2,3.298672289E-2,4.344664968E-2
2.948631553E0,-1.252273750E-2,2.535090782E-2,3.298672289E-2,4.344664968E-2
2.957065553E0,5.192354787E-3,2.993239649E-2,2.046398632E-2,3.662900004E-2
2.958010553E0,5.192354787E-3,2.993239649E-2,2.046398632E-2,3.662900004E-2
2.966403553E0,-1.191187184E-2,3.054326214E-2,1.985312067E-2,3.832662199E-2
2.967340553E0,-1.191187184E-2,3.054326214E-2,1.985312067E-2,3.832662199E-2
2.976017553E0,-3.940080851E-2,2.901609987E-2,4.764748737E-2,6.829817579E-2
2.977068553E0,-3.940080851E-2,2.901609987E-2,4.764748737E-2,6.829817579E-2
2.985022553E0,-6.872233748E-2,1.435533352E-2,7.269296050E-2,1.010598920E-1
2.985922553E0,-6.872233748E-2,1.435533352E-2,7.269296050E-2,1.010598920E-1
2.994346553E0,-1.227839142E-1,2.748893574E-3,9.560041130E-2,1.556370285E-1
2.995251553E0,-1.227839142E-1,2.748893574E-3,9.560041130E-2,1.556370285E-1
3.003676553E0,-1.307251602E-1,-1.374446787E-2,1.056796908E-1,1.686599388E-1
3.004583553E0,-1.307251602E-1,-1.374446787E-2,1.056796908E-1,1.686599388E-1
3.013093553E0,-9.957103431E-2,-2.596177347E-2,1.206458881E-1,1.585680765E-1
3.014041553E0,-9.957103431E-2,-2.596177347E-2,1.206458881E-1,1.585680765E-1
3.022323553E0,-6.169738993E-2,-1.496619824E-2,1.185078546E-1,1.344420568E-1
3.023240553E0,-6.169738993E-2,-1.496619824E-2,1.185078546E-1,1.344420568E-1
3.031672553E0,-3.665191587E-3,2.290744707E-2,1.001819000E-1,1.028328636E-1
3.032596553E0,-3.665191587E-3,2.290744707E-2,1.001819000E-1,1.028328636E-1
3.040964553E0,5.711590126E-2,5.406157300E-2,8.735372871E-2,1.175395839E-1
3.041898553E0,5.711590126E-2,5.406157300E-2,8.735372871E-2,1.175395839E-1
3.050557553E0,1.004873365E-1,6.566801667E-2,7.452555746E-2,1.412942034E-1
3.051583553E0,1.004873365E-1,6.566801667E-2,7.452555746E-2,1.412942034E-1
3.059926553E0,1.264491081E-1,7.788532227E-2,6.139195710E-2,1.606999464E-1
3.060994553E0,1.264491081E-1,7.788532227E-2,6.139195710E-2,1.606999464E-1
3.068932553E0,1.276708394E-1,8.063421398E-2,4.978551716E-2,1.589978535E-1
3.069839553E0,1.276708394E-1,8.063421398E-2,4.978551716E-2,1.589978535E-1
3.078549553E0,1.307251602E-1,8.888089657E-2,3.420845419E-2,1.617377496E-1
3.079608553E0,1.307251602E-1,8.888089657E-2,3.420845419E-2,1.617377496E-1
3.087616553E0,1.169806942E-1,1.044579595E-1,2.015855350E-2,1.581212048E-1
3.088691553E0,1.169806942E-1,1.044579595E-1,2.015855350E-2,1.581212048E-1
3.097152553E0,8.338310570E-2,1.075122803E-1,1.466076635E-2,1.368450613E-1
3.098291553E0,8.338310570E-2,1.075122803E-1,1.466076635E-2,1.368450613E-1
3.106273553E0,2.504547499E-2,1.020144969E-1,3.359758761E-3,1.050976754E-1
3.107184553E0,2.504547499E-2,1.020144969E-1,3.359758761E-3,1.050976754E-1
3.115532553E0,-3.756821156E-2,8.888089657E-2,-7.635815535E-3,9.679612582E-2
3.116435553E0,-3.756821156E-2,8.888089657E-2,-7.635815535E-3,9.679612582E-2
3.124888553E0,-7.299839705E-2,8.063421398E-2,-9.468411095E-3,1.091800955E-1
3.125795553E0,-7.299839705E-2,8.063421398E-2,-9.468411095E-3,1.091800955E-1
3.134169553E0,-1.295034289E-1,7.391469181E-2,-1.221730490E-3,1.491174450E-1
3.135050553E0,-1.295034289E-1,7.391469181E-2,-1.221730490E-3,1.491174450E-1
3.143485553E0,-1.957823038E-1,5.894849449E-2,1.924225502E-2,2.053677187E-1
3.144387553E0,-1.957823038E-1,5.894849449E-2,1.924225502E-2,2.053677187E-1
3.152849553E0,-2.009746730E-1,2.871066704E-2,4.550946131E-2,2.080534371E-1
3.153731553E0,-2.009746730E-1,2.871066704E-2,4.550946131E-2,2.080534371E-1
3.162151553E0,-1.389718503E-1,2.504547499E-2,3.756821156E-2,1.461226249E-1
3.163079553E0,-1.389718503E-1,2.504547499E-2,3.756821156E-2,1.461226249E-1
3.171487553E0,-4.734205827E-2,5.314527452E-2,2.107485011E-2,7.422829644E-2
3.172396553E0,-4.734205827E-2,5.314527452E-2,2.107485011E-2,7.422829644E-2
3.180849553E0,2.199114859E-2,1.032362282E-1,1.771509275E-2,1.070287529E-1
3.181801553E0,2.199114859E-2,1.032362282E-1,1.771509275E-2,1.070287529E-1
3.190153553E0,7.299839705E-2,1.298088580E-1,1.832595654E-2,1.500498127E-1
3.191062553E0,7.299839705E-2,1.298088580E-1,1.832595654E-2,1.500498127E-1
3.199460553E0,9.010262042E-2,1.099557430E-1,2.290744707E-2,1.439913148E-1
3.200368553E0,9.010262042E-2,1.099557430E-1,2.290744707E-2,1.439913148E-1
3.208786553E0,8.521570265E-2,5.711590126E-2,3.726277873E-2,1.091442020E-1
3.209744553E0,8.521570265E-2,5.711590126E-2,3.726277873E-2,1.091442020E-1
3.218088553E0,6.719517708E-2,1.160643995E-2,4.123340547E-2,7.968748332E-2
3.218963553E0,6.719517708E-2,1.160643995E-2,4.123340547E-2,7.968748332E-2
3.227466553E0,5.131268129E-2,9.468411095E-3,3.817907721E-2,6.465511585E-2
3.228398553E0,5.131268129E-2,9.468411095E-3,3.817907721E-2,6.465511585E-2
3.236771553E0,5.925392732E-2,2.565634064E-2,3.207042441E-2,7.209568531E-2
3.237703553E0,5.925392732E-2,2.565634064E-2,3.207042441E-2,7.209568531E-2
3.246054553E0,6.719517708E-2,3.176499158E-2,2.321287990E-2,7.786555275E-2
3.246935553E0,6.719517708E-2,3.176499158E-2,2.321287990E-2,7.786555275E-2
3.255371553E0,7.941248268E-2,1.924225502E-2,1.802052557E-2,8.367404690E-2
3.256272553E0,7.941248268E-2,1.924225502E-2,1.802052557E-2,8.367404690E-2
3.264638553E0,9.346238524E-2,3.665191587E-3,1.160643995E-2,9.425158106E-2
3.265466553E0,9.346238524E-2,3.665191587E-3,1.160643995E-2,9.425158106E-2
3.273996553E0,1.096503139E-1,1.557706390E-2,2.138028387E-3,1.107718710E-1
3.274836553E0,1.096503139E-1,1.557706390E-2,2.138028387E-3,1.107718710E-1
3.283337553E0,1.154535338E-1,5.864306539E-2,-9.162978968E-4,1.294965914E-1
3.284199553E0,1.154535338E-1,5.864306539E-2,-9.162978968E-4,1.294965914E-1
3.292669553E0,9.468411654E-2,9.224065393E-2,5.803219974E-3,1.323143890E-1
3.293512553E0,9.468411654E-2,9.224065393E-2,5.803219974E-3,1.323143890E-1
3.301953553E0,5.711590126E-2,8.246681094E-2,1.710422710E-2,1.017622507E-1
3.302813553E0,5.711590126E-2,8.246681094E-2,1.710422710E-2,1.017622507E-1
3.311304553E0,4.276056774E-3,4.520402849E-2,1.802052557E-2,4.885108182E-2
3.312170553E0,4.276056774E-3,4.520402849E-2,1.802052557E-2,4.885108182E-2
3.320785553E0,-3.665191308E-2,1.588249579E-2,2.932153270E-2,4.955167691E-2
3.321652553E0,-3.665191308E-2,1.588249579E-2,2.932153270E-2,4.955167691E-2
3.330126553E0,-4.856378585E-2,2.321287990E-2,2.687807009E-2,6.016402364E-2
3.331046553E0,-4.856378585E-2,2.321287990E-2,2.687807009E-2,6.016402364E-2
3.339268553E0,-2.015855350E-2,4.520402849E-2,2.168571576E-2,5.403741055E-2
3.340129553E0,-2.015855350E-2,4.520402849E-2,2.168571576E-2,5.403741055E-2
3.348627553E0,3.298672289E-2,7.024950534E-2,1.313360315E-2,7.871218723E-2
3.349512553E0,3.298672289E-2,7.024950534E-2,1.313360315E-2,7.871218723E-2
3.358133553E0,9.040805697E-2,9.071348608E-2,1.832595794E-3,1.280855641E-1
3.359050553E0,9.040805697E-2,9.071348608E-2,1.832595794E-3,1.280855641E-1
3.367254553E0,1.069014147E-1,1.090394482E-1,-2.321287990E-2,1.544550146E-1
3.368125553E0,1.069014147E-1,1.090394482E-1,-2.321287990E-2,1.544550146E-1
3.376743553E0,8.674286306E-2,1.154535338E-1,-3.298672289E-2,1.481282102E-1
3.377700553E0,8.674286306E-2,1.154535338E-1,-3.298672289E-2,1.481282102E-1
3.385877553E0,6.322455406E-2,9.621127695E-2,-2.962696366E-2,1.188768734E-1
3.386741553E0,6.322455406E-2,9.621127695E-2,-2.962696366E-2,1.188768734E-1
3.395195553E0,3.298672289E-2,6.322455406E-2,-2.107485011E-2,7.436139745E-2
3.396058553E0,3.298672289E-2,6.322455406E-2,-2.107485011E-2,7.436139745E-2
3.404530553E0,9.162978269E-3,2.168571576E-2,-6.108652335E-3,2.432172018E-2
3.405399553E0,9.162978269E-3,2.168571576E-2,-6.108652335E-3,2.432172018E-2
3.414029553E0,2.443460980E-3,-1.252273750E-2,-2.748893574E-3,1.305166165E-2
3.414889553E0,2.443460980E-3,-1.252273750E-2,-2.748893574E-3,1.305166165E-2
3.423384553E0,9.468411095E-3,-1.740965992E-2,-6.108652451E-4,1.982725961E-2
3.424347553E0,9.468411095E-3,-1.740965992E-2,-6.108652451E-4,1.982725961E-2
3.432535553E0,1.832595654E-2,-1.069014147E-2,9.773843922E-3,2.335910599E-2
3.433403553E0,1.832595654E-2,-1.069014147E-2,9.773843922E-3,2.335910599E-2
3.441832553E0,3.054326214E-2,1.343903504E-2,6.414085161E-3,3.397997960E-2
3.442687553E0,3.054326214E-2,1.343903504E-2,6.414085161E-3,3.397997960E-2
3.451179553E0,3.573561832E-2,3.848451003E-2,-5.497787148E-3,5.280452247E-2
3.452048553E0,3.573561832E-2,3.848451003E-2,-5.497787148E-3,5.280452247E-2
3.460693553E0,2.199114859E-2,5.711590126E-2,-1.069014147E-2,6.212983114E-2
3.461581553E0,2.199114859E-2,5.711590126E-2,-1.069014147E-2,6.212983114E-2
3.469804553E0,2.046398632E-2,5.803219974E-2,-2.260201424E-2,6.555426753E-2
3.470697553E0,2.046398632E-2,5.803219974E-2,-2.260201424E-2,6.555426753E-2
3.479310553E0,4.337143153E-2,5.742133409E-2,-3.634648025E-2,8.061859158E-2
3.480278553E0,4.337143153E-2,5.742133409E-2,-3.634648025E-2,8.061859158E-2
3.488429553E0,8.277224004E-2,6.322455406E-2,-5.406157300E-2,1.173509337E-1
3.489289553E0,8.277224004E-2,6.322455406E-2,-5.406157300E-2,1.173509337E-1
3.497813553E0,1.237002090E-1,9.315694869E-2,-7.788532227E-2,1.733380576E-1
3.498762553E0,1.237002090E-1,9.315694869E-2,-7.788532227E-2,1.733380576E-1
3.507202553E0,1.456913650E-1,1.313360333E-1,-9.926560521E-2,2.198380947E-1
3.508156553E0,1.456913650E-1,1.313360333E-1,-9.926560521E-2,2.198380947E-1
3.516506553E0,1.316414624E-1,1.438587606E-1,-1.014036313E-1,2.197897042E-1
3.517484553E0,1.316414624E-1,1.438587606E-1,-1.014036313E-1,2.197897042E-1
3.525778553E0,9.804387391E-2,1.136209369E-1,-8.796459436E-2,1.739542709E-1
3.526692553E0,9.804387391E-2,1.136209369E-1,-8.796459436E-2,1.739542709E-1
3.535101553E0,5.772676691E-2,6.688974798E-2,-6.994406879E-2,1.126889114E-1
3.536014553E0,5.772676691E-2,6.688974798E-2,-6.994406879E-2,1.126889114E-1
3.544429553E0,2.962696366E-2,4.489859566E-2,-4.642575979E-2,7.105625968E-2
3.545336553E0,2.962696366E-2,4.489859566E-2,-4.642575979E-2,7.105625968E-2
3.553779553E0,4.001167417E-2,6.444628537E-2,-2.412917651E-2,7.960197816E-2
3.554695553E0,4.001167417E-2,6.444628537E-2,-2.412917651E-2,7.960197816E-2
3.563341553E0,4.581489414E-2,1.014036313E-1,-4.276056774E-3,1.113552227E-1
3.564343553E0,4.581489414E-2,1.014036313E-1,-4.276056774E-3,1.113552227E-1
3.572480553E0,3.878994286E-2,1.127046347E-1,2.107485011E-2,1.210419087E-1
3.573398553E0,3.878994286E-2,1.127046347E-1,2.107485011E-2,1.210419087E-1
3.581716553E0,2.657263726E-2,8.949175477E-2,3.176499158E-2,9.860980637E-2
3.582657553E0,2.657263726E-2,8.949175477E-2,3.176499158E-2,9.860980637E-2
3.591065553E0,1.282817032E-2,3.695734590E-2,4.214970022E-2,5.750656136E-2
3.591985553E0,1.282817032E-2,3.695734590E-2,4.214970022E-2,5.750656136E-2
3.600396553E0,-7.330383174E-3,-2.809980139E-2,3.359758854E-2,4.440868509E-2
3.601331553E0,-7.330383174E-3,-2.809980139E-2,3.359758854E-2,4.440868509E-2
3.609681553E0,-1.221730467E-2,-6.169738993E-2,2.076941915E-2,6.623593609E-2
3.610586553E0,-1.221730467E-2,-6.169738993E-2,2.076941915E-2,6.623593609E-2
3.619016553E0,7.635815535E-3,-4.092797264E-2,1.985312067E-2,4.612538373E-2
3.619919553E0,7.635815535E-3,-4.092797264E-2,1.985312067E-2,4.612538373E-2
3.628367553E0,2.901609987E-2,-4.276056774E-3,3.970623948E-3,2.959703647E-2
3.629275553E0,2.901609987E-2,-4.276056774E-3,3.970623948E-3,2.959703647E-2
3.637902553E0,4.276056588E-2,1.893682219E-2,-1.221730467E-2,4.833561588E-2
3.638916553E0,4.276056588E-2,1.893682219E-2,-1.221730467E-2,4.833561588E-2
3.647286553E0,4.886921868E-2,3.451388702E-2,-3.390302137E-2,6.876644377E-2
3.648341553E0,4.886921868E-2,3.451388702E-2,-3.390302137E-2,6.876644377E-2
3.656479553E0,6.780604273E-2,4.306599870E-2,-5.009094998E-2,9.466489817E-2
3.657515553E0,6.780604273E-2,4.306599870E-2,-5.009094998E-2,9.466489817E-2
3.665663553E0,8.460483700E-2,6.139195710E-2,-5.986479297E-2,1.204605507E-1
3.666605553E0,8.460483700E-2,6.139195710E-2,-5.986479297E-2,1.204605507E-1
3.674949553E0,1.023199260E-1,6.597344577E-2,-6.261368841E-2,1.369026544E-1
3.675861553E0,1.023199260E-1,6.597344577E-2,-6.261368841E-2,1.369026544E-1
3.684266553E0,1.017090604E-1,4.489859566E-2,-3.970624134E-2,1.180559294E-1
3.685177553E0,1.017090604E-1,4.489859566E-2,-3.970624134E-2,1.180559294E-1
3.693628553E0,9.407325089E-2,1.191187184E-2,-1.130100712E-2,9.549545531E-2
3.694538553E0,9.407325089E-2,1.191187184E-2,-1.130100712E-2,9.549545531E-2
3.702929553E0,7.788532227E-2,-1.221730467E-2,1.832595794E-3,7.885901576E-2
3.703848553E0,7.788532227E-2,-1.221730467E-2,1.832595794E-3,7.885901576E-2
3.712238553E0,5.558873713E-2,-3.359758854E-2,1.679879427E-2,6.709027605E-2
3.713187553E0,5.558873713E-2,-3.359758854E-2,1.679879427E-2,6.709027605E-2
3.721568553E0,2.535090782E-2,-4.123340547E-2,2.657263726E-2,5.521745471E-2
3.722490553E0,2.535090782E-2,-4.123340547E-2,2.657263726E-2,5.521745471E-2
3.730877553E0,1.374446787E-2,-2.993239649E-2,1.832595654E-2,3.769216682E-2
3.731784553E0,1.374446787E-2,-2.993239649E-2,1.832595654E-2,3.769216682E-2
3.740522553E0,1.710422710E-2,-7.635815535E-3,1.221730467E-2,2.236342543E-2
3.741505553E0,1.710422710E-2,-7.635815535E-3,1.221730467E-2,2.236342543E-2
3.749511553E0,2.718350291E-2,1.191187184E-2,-3.054326167E-3,2.983562350E-2
3.750433553E0,2.718350291E-2,1.191187184E-2,-3.054326167E-3,2.983562350E-2
3.759169553E0,5.803219974E-2,4.184427112E-2,-1.618792862E-2,7.335344754E-2
3.760153553E0,5.803219974E-2,4.184427112E-2,-1.618792862E-2,7.335344754E-2
3.768265553E0,9.621127695E-2,7.757988572E-2,-3.604105115E-2,1.287408476E-1
3.769179553E0,9.621127695E-2,7.757988572E-2,-3.604105115E-2,1.287408476E-1
3.777501553E0,1.459967941E-1,9.773843735E-2,-3.940080851E-2,1.800563516E-1
3.778424553E0,1.459967941E-1,9.773843735E-2,-3.940080851E-2,1.800563516E-1
3.786925553E0,1.847867370E-1,1.151480973E-1,-4.214970022E-2,2.217697448E-1
3.787866553E0,1.847867370E-1,1.151480973E-1,-4.214970022E-2,2.217697448E-1
3.796182553E0,1.844813079E-1,1.148426682E-1,-5.070181563E-2,2.231431502E-1
3.797093553E0,1.844813079E-1,1.148426682E-1,-5.070181563E-2,2.231431502E-1
3.805499553E0,2.321287990E-2,1.340849251E-1,-2.626720630E-2,1.385913816E-1
3.806419553E0,2.321287990E-2,1.340849251E-1,-2.626720630E-2,1.385913816E-1
3.814786553E0,-1.353066564E-1,6.444628537E-2,2.474004216E-2,1.518989290E-1
3.815693553E0,-1.353066564E-1,6.444628537E-2,2.474004216E-2,1.518989290E-1
3.824122553E0,-1.096503139E-1,-2.138028294E-2,4.306599870E-2,1.197288105E-1
3.825029553E0,-1.096503139E-1,-2.138028294E-2,4.306599870E-2,1.197288105E-1
3.833483553E0,-8.613199741E-2,-5.589416996E-2,5.192354694E-2,1.150605664E-1
3.834414553E0,-8.613199741E-2,-5.589416996E-2,5.192354694E-2,1.150605664E-1
3.843078553E0,-5.742133409E-2,-1.221730467E-2,4.520402849E-2,7.409369969E-2
3.844089553E0,-5.742133409E-2,-1.221730467E-2,4.520402849E-2,7.409369969E-2
3.852090553E0,7.330383174E-3,3.115412779E-2,2.932153270E-2,4.340583458E-2
3.853001553E0,7.330383174E-3,3.115412779E-2,2.932153270E-2,4.340583458E-2
3.861655553E0,4.428773001E-2,2.351831272E-2,4.276056774E-3,5.032691848E-2
3.862641553E0,4.428773001E-2,2.351831272E-2,4.276056774E-3,5.032691848E-2
3.870731553E0,9.071348608E-2,-7.635815535E-3,-3.054326226E-4,9.103480392E-2
3.871655553E0,9.071348608E-2,-7.635815535E-3,-3.054326226E-4,9.103480392E-2
3.880051553E0,1.325577646E-1,-2.657263726E-2,-1.527163084E-3,1.352035438E-1
3.880966553E0,1.325577646E-1,-2.657263726E-2,-1.527163084E-3,1.352035438E-1
3.889375553E0,1.206458881E-1,-1.832595654E-2,-3.359758761E-3,1.220760377E-1
3.890299553E0,1.206458881E-1,-1.832595654E-2,-3.359758761E-3,1.220760377E-1
3.898725553E0,9.040805697E-2,-3.054326167E-3,-3.054326167E-3,9.051118485E-2
3.899678553E0,9.040805697E-2,-3.054326167E-3,-3.054326167E-3,9.051118485E-2
3.908049553E0,1.527163107E-2,7.024950348E-3,2.138028387E-3,1.694531818E-2
3.908977553E0,1.527163107E-2,7.024950348E-3,2.138028387E-3,1.694531818E-2
3.917401553E0,-9.529497474E-2,2.138028387E-3,1.069014147E-2,9.591653925E-2
3.918331553E0,-9.529497474E-2,2.138028387E-3,1.069014147E-2,9.591653925E-2
3.926681553E0,-1.511891484E-1,-2.290744707E-2,2.076941915E-2,1.543187562E-1
3.927643553E0,-1.511891484E-1,-2.290744707E-2,2.076941915E-2,1.543187562E-1
3.936243553E0,-1.478293836E-1,-5.375614017E-2,2.290744707E-2,1.589591155E-1
3.937368553E0,-1.478293836E-1,-5.375614017E-2,2.290744707E-2,1.589591155E-1
3.945650553E0,-9.987647086E-2,-5.650503561E-2,1.038470957E-2,1.152213985E-1
3.946656553E0,-9.987647086E-2,-5.650503561E-2,1.038470957E-2,1.152213985E-1
3.954653553E0,-2.932153270E-2,-1.863138936E-2,-7.024950348E-3,3.544334743E-2
3.955565553E0,-2.932153270E-2,-1.863138936E-2,-7.024950348E-3,3.544334743E-2
3.963991553E0,3.817907721E-2,-1.863138936E-2,3.359758761E-3,4.261523888E-2
3.964916553E0,3.817907721E-2,-1.863138936E-2,3.359758761E-3,4.261523888E-2
3.973314553E0,1.105666086E-1,-9.162978269E-3,-3.970623948E-3,1.110166698E-1
3.974190553E0,1.105666086E-1,-9.162978269E-3,-3.970623948E-3,1.110166698E-1
